sisa_jarak_km,durasi_kemacetan_menit,fluktuasi_mkt,probabilitas_rusak
187.27,31.4,1.82,0.178
475.36,29.6,-0.72,0.3063
366.0,108.8,-3.02,0.5488
299.33,29.9,-0.36,0.0634
78.01,32.6,-2.65,0.0313
78.0,91.1,-3.24,0.0758
29.04,54.0,-4.39,0.0448
433.09,93.2,-5.88,0.7005
300.56,7.8,-2.47,0.0971
354.04,58.5,-1.1,0.2962
10.29,4.0,-1.74,0.0087
484.95,7.5,-2.54,0.2551
416.22,108.8,-3.86,0.6494
106.17,16.7,0.02,0.0176
90.91,63.9,-4.79,0.0465
91.7,49.3,0.44,0.037
152.12,41.7,-4.01,0.0845
262.38,108.0,-3.38,0.5298
215.97,2.6,-5.17,0.0328
145.61,79.7,-2.75,0.0445
305.93,115.6,0.94,0.5454
69.75,67.2,-0.21,0.0509
146.07,112.4,0.95,0.2752
183.18,6.3,-0.19,0.0406
228.03,50.3,-4.26,0.1169
392.59,31.2,-2.33,0.3302
99.84,87.7,-3.45,0.1341
257.12,117.8,1.83,0.3639
296.21,30.8,-4.49,0.1355
23.23,78.5,0.73,0.0698
303.77,23.8,0.73,0.1502
85.26,67.8,3.07,0.4774
32.53,55.7,-2.52,0.0236
474.44,116.6,0.28,0.7673
482.82,73.0,4.2,0.963
404.2,41.9,-3.04,0.2823
152.31,13.7,-5.34,0.018
48.84,18.1,-6.2,0.0171
342.12,27.0,0.28,0.3377
220.08,30.1,-6.21,0.079
61.02,102.1,-2.43,0.052
247.59,67.3,-0.41,0.2599
17.19,62.8,-1.04,0.027
454.66,13.8,-0.44,0.2868
129.39,103.2,-0.94,0.1368
331.26,86.7,1.7,0.7016
155.86,8.1,-3.88,0.1256
260.03,84.9,-3.19,0.3248
273.36,65.2,-3.43,0.3198
92.43,9.8,0.58,0.0287
484.79,55.0,0.75,0.5352
387.57,58.2,-0.37,0.3785
469.75,19.9,1.46,0.619
447.41,113.5,-4.45,0.5603
298.95,102.0,2.67,0.718
460.94,80.3,2.31,0.8783
44.25,55.5,0.34,0.0507
97.99,49.4,2.95,0.2789
22.61,78.1,-5.64,0.0473
162.67,65.5,-2.81,0.078
194.34,7.5,-3.34,0.0435
135.67,61.5,0.3,0.0517
414.37,96.8,-4.13,0.7611
178.38,55.1,0.39,0.1188
140.47,6.2,1.93,0.0963
271.35,94.4,0.24,0.2252
70.46,24.2,-0.79,0.1085
401.1,31.0,-3.97,0.2039
37.28,19.8,-3.62,0.016
493.44,39.6,1.62,0.7728
386.12,90.8,0.45,0.6272
99.36,62.3,-1.6,0.0918
2.76,24.6,-2.54,0.039
407.73,105.3,-6.56,0.6445
353.43,105.5,-4.18,0.3504
364.5,104.5,3.28,0.8608
385.64,28.7,-4.7,0.3034
37.02,54.1,-1.03,0.0865
179.23,118.2,1.02,0.2009
57.93,92.6,-4.64,0.1145
431.55,3.3,-1.04,0.2873
311.65,7.8,0.84,0.2761
165.45,55.7,-1.47,0.0838
31.78,109.1,5.67,0.592
155.49,64.6,-5.67,0.1289
162.59,59.7,1.15,0.2162
364.8,12.7,-1.93,0.2879
318.78,78.8,0.43,0.3737
443.61,98.7,-0.4,0.5569
236.11,45.7,-3.33,0.0626
59.8,93.1,-0.93,0.0983
356.62,115.7,-6.14,0.5747
380.39,24.5,0.01,0.1725
280.64,62.8,-0.75,0.1705
385.48,34.5,0.1,0.2545
246.9,95.1,1.15,0.2401
261.37,69.3,-0.58,0.1445
213.77,76.1,-1.13,0.0985
12.71,95.7,-3.7,0.0404
53.95,47.5,-3.28,0.0235
15.71,109.8,1.47,0.0653
318.21,64.0,2.09,0.7809
157.18,19.0,-2.1,0.0885
254.29,83.5,-1.38,0.1676
453.78,95.2,-3.76,0.6669
124.65,38.0,1.43,0.1341
205.19,102.9,0.16,0.3494
377.78,108.7,3.35,0.8527
114.4,33.2,-3.7,0.0731
38.49,118.0,-2.45,0.0632
144.88,16.9,-0.92,0.0229
80.61,24.2,0.12,0.0448
464.85,22.1,-2.04,0.5488
404.06,107.3,-3.68,0.8369
316.7,78.5,0.7,0.2756
435.73,18.3,0.3,0.4479
401.84,52.8,-3.79,0.3323
93.29,73.8,1.89,0.2458
446.28,10.0,1.43,0.3409
269.67,105.9,-1.16,0.2001
403.72,96.4,-1.3,0.4473
448.05,60.6,-0.11,0.5083
159.0,116.1,-3.65,0.1409
55.03,50.1,-1.42,0.0484
113.97,118.1,-6.88,0.2136
213.55,80.2,0.69,0.2942
409.01,76.2,-5.4,0.6735
430.37,19.9,2.26,0.691
3.48,105.8,-2.33,0.0295
255.37,51.3,-2.03,0.2678
208.71,19.5,-3.07,0.0552
111.05,1.5,-2.22,0.0417
59.93,67.2,2.05,0.2693
168.81,63.3,-7.72,0.1222
471.45,86.3,1.69,0.6972
161.6,106.8,-0.65,0.1127
259.4,9.5,-4.52,0.1651
351.51,87.8,-4.19,0.388
181.81,22.5,2.69,0.2585
485.89,103.0,-3.86,0.7877
481.22,98.3,-4.38,0.7636
125.89,64.9,1.34,0.1716
248.62,85.2,-0.65,0.208
150.44,37.7,-3.84,0.0528
142.42,56.5,-0.96,0.1107
18.44,98.6,-4.06,0.0693
304.78,55.1,1.25,0.3515
251.34,42.9,1.15,0.3516
25.74,59.3,-0.17,0.0302
139.32,99.4,-0.6,0.0894
454.13,40.2,2.9,0.75
119.78,20.9,-1.5,0.0237
72.45,85.4,-4.45,0.0587
244.73,99.1,-0.38,0.3921
492.83,12.1,3.72,0.81
121.03,28.8,-4.04,0.0472
336.07,17.0,-2.4,0.1319
380.81,41.8,-0.46,0.2774
118.82,54.0,-1.63,0.0295
364.11,89.9,-3.96,0.4135
183.89,78.1,1.3,0.2367
316.15,74.5,4.3,0.8805
316.76,42.3,-1.01,0.2279
267.89,101.0,-3.76,0.1913
45.14,56.6,-5.37,0.0602
417.65,117.5,-0.86,0.6701
160.39,76.1,1.26,0.2279
93.26,15.2,-0.31,0.0284
20.39,81.1,-1.51,0.033
295.45,39.0,-2.97,0.1912
338.78,82.4,-4.23,0.4215
8.29,8.4,0.59,0.0079
256.05,21.0,0.78,0.1261
113.25,102.7,-5.36,0.1015
322.59,27.3,2.47,0.5256
87.18,100.4,-0.06,0.1546
345.47,33.5,2.0,0.3965
193.37,77.1,-4.86,0.1146
468.36,83.3,-4.91,0.5597
68.76,61.5,-1.87,0.0314
170.53,36.6,-0.24,0.0595
56.74,25.5,2.99,0.1849
462.35,4.0,0.27,0.248
438.67,36.5,-2.11,0.4428
128.97,78.4,-4.07,0.0413
329.99,112.6,1.58,0.6209
408.61,104.5,-3.91,0.543
277.6,91.9,2.57,0.8146
264.83,94.6,-2.21,0.2498
120.93,79.8,2.48,0.1245
46.55,31.2,0.2,0.0106
448.61,108.9,-1.84,0.6767
450.21,80.5,-2.8,0.6493
316.55,67.3,-2.35,0.3162
169.51,13.3,-0.43,0.0542
174.6,53.6,-1.31,0.1522
362.98,55.2,-2.98,0.2617
448.56,103.7,-1.91,0.7488
443.54,65.6,-1.3,0.3135
389.94,45.6,-6.82,0.2408
321.02,117.2,-0.35,0.254
42.07,13.3,-3.95,0.0163
80.81,50.7,-4.38,0.0425
449.28,5.0,-5.72,0.3158
303.21,88.8,-5.98,0.3293
4.6,110.2,-4.89,0.0365
50.74,33.6,-3.27,0.0245
331.75,103.0,3.38,0.7271
2.53,35.1,-2.81,0.0365
80.4,109.3,-1.06,0.0856
274.37,90.5,-0.5,0.2328
345.95,96.6,-1.17,0.625
325.98,2.2,-1.69,0.0772
112.13,115.5,-4.49,0.0807
356.09,87.2,2.13,0.5951
118.62,36.6,3.02,0.227
162.7,99.5,-5.71,0.184
373.25,33.8,-4.06,0.3458
324.82,104.7,-2.2,0.7222
424.61,13.5,-3.91,0.1166
328.81,84.4,-0.24,0.4259
284.15,64.9,-3.32,0.1777
46.84,11.6,3.91,0.1304
183.86,29.0,1.48,0.1173
132.6,1.5,-0.97,0.0204
121.99,56.3,1.07,0.2319
486.51,36.2,1.26,0.7529
196.55,71.8,-2.91,0.1372
446.02,35.7,-3.54,0.5692
315.57,36.0,-1.3,0.1005
397.41,89.2,0.65,0.4364
251.32,5.8,-1.15,0.0295
288.45,108.3,-5.44,0.2856
246.26,102.3,-3.51,0.286
97.62,80.1,-1.68,0.0783
361.23,71.2,-1.69,0.3852
140.39,107.1,3.43,0.3971
12.16,22.2,-4.96,0.0249
322.74,9.5,-0.24,0.1603
88.56,28.7,2.22,0.1597
470.23,95.3,4.18,0.9049
476.96,4.2,-2.51,0.3855
457.43,69.9,-0.27,0.4048
185.08,119.5,-0.08,0.1937
7.73,102.7,-1.01,0.0672
464.16,62.6,-1.75,0.5492
214.09,7.6,-0.41,0.0432
483.33,99.8,-7.83,0.704
481.81,71.9,0.21,0.4477
426.5,13.8,-1.18,0.4241
147.22,11.3,-2.06,0.0371
192.55,109.2,3.62,0.8033
425.57,80.3,-3.19,0.4615
158.46,99.5,-2.51,0.1191
84.75,105.5,3.48,0.3694
278.4,68.6,-3.58,0.3088
468.08,62.1,-2.88,0.4554
348.01,51.7,-1.87,0.3501
285.03,38.0,0.6,0.1855
48.59,52.2,-0.98,0.0132
307.5,92.9,-4.73,0.2825
495.03,72.2,-2.83,0.4885
70.04,107.1,-3.02,0.0898
259.16,53.2,-1.69,0.0976
438.69,72.9,-0.44,0.6377
370.38,75.8,-0.45,0.3903
348.51,71.0,-5.94,0.3239
351.24,84.3,1.16,0.6453
179.75,28.5,-0.87,0.1041
146.8,61.5,1.96,0.225
404.68,12.5,-0.39,0.1884
405.06,46.1,1.25,0.3313
433.54,58.5,-0.33,0.3783
456.62,78.3,1.87,0.7573
255.67,114.1,-0.19,0.334
250.76,72.1,-1.74,0.17
399.15,89.2,4.18,0.9471
324.98,60.8,0.72,0.297
350.98,76.1,-0.07,0.3591
397.9,8.5,-4.69,0.355
445.0,30.5,-4.72,0.4228
169.0,43.4,-0.77,0.074
187.79,56.7,-1.14,0.0796
46.99,5.5,-3.04,0.0126
289.14,16.8,-1.15,0.0863
17.97,33.2,2.47,0.0663
232.8,116.6,0.24,0.409
271.32,39.8,-4.35,0.1366
143.27,57.8,-1.78,0.0407
295.42,23.5,-3.51,0.2891
15.25,73.3,-2.47,0.0423
18.67,33.7,-2.53,0.0105
411.3,24.8,-2.69,0.2577
180.1,62.0,-4.64,0.1117
63.53,0.7,-1.82,0.0419
261.12,0.9,-2.9,0.0497
385.0,26.3,-8.82,0.3687
107.91,4.4,3.63,0.3337
311.45,13.0,1.22,0.1986
42.67,40.7,-2.44,0.0244
25.84,96.3,-1.45,0.0334
265.68,68.6,-4.43,0.1905
270.32,61.5,2.74,0.5525
318.71,35.2,3.24,0.7014
363.05,111.8,-1.11,0.6517
487.93,47.6,1.06,0.5937
258.15,10.5,-1.06,0.0369
161.48,74.0,-4.84,0.1083
397.59,13.7,-2.53,0.2754
135.42,41.4,-1.17,0.0647
219.49,60.9,-2.64,0.1198
39.23,104.9,-2.05,0.0724
12.68,59.2,-1.73,0.0599
481.32,84.3,-1.7,0.6912
417.99,119.1,-1.37,0.6093
347.99,15.8,-4.15,0.1506
204.48,33.0,-3.29,0.0791
86.65,47.3,-4.71,0.0929
78.22,50.6,0.94,0.0666
125.12,49.3,-6.76,0.059
274.61,108.9,1.38,0.48
357.3,85.7,1.97,0.7978
330.1,72.9,-2.26,0.5535
139.97,37.1,-8.01,0.0693
477.43,98.9,-2.4,0.6992
368.95,114.6,-1.66,0.5471
277.18,98.5,-4.03,0.1196
305.86,0.2,-2.79,0.1574
209.8,76.4,2.33,0.4468
123.87,6.1,0.16,0.0429
177.99,30.9,-3.81,0.0489
378.92,7.1,-5.49,0.1746
7.2,72.5,-2.32,0.0276
58.04,82.4,-2.03,0.092
23.0,13.7,-0.26,0.0134
20.36,46.1,-2.84,0.0688
427.73,54.7,-0.22,0.4896
351.83,44.3,3.34,0.5851
237.09,14.5,0.54,0.1065
48.92,50.3,-1.62,0.0246
245.81,90.1,-1.96,0.0929
236.74,8.5,-2.39,0.1573
86.6,9.6,1.45,0.0801
216.93,42.6,-3.07,0.1348
199.25,113.0,-1.39,0.2445
307.93,80.2,-1.37,0.1788
317.55,81.4,-2.75,0.2729
22.65,43.4,-4.93,0.0375
187.31,71.2,-0.69,0.0788
312.93,1.2,-1.65,0.0375
251.57,76.3,-0.25,0.1891
428.24,109.6,-2.83,0.6222
329.35,73.5,1.55,0.5588
81.47,104.8,-3.69,0.1288
35.28,86.9,2.78,0.2834
321.21,14.5,-5.87,0.1702
13.26,108.3,-0.41,0.1023
292.89,8.0,-0.31,0.0575
470.12,64.1,-3.49,0.6164
287.74,17.1,-0.44,0.164
194.08,1.4,1.7,0.074
321.64,50.6,-7.04,0.128
229.13,35.4,-0.24,0.0752
272.81,58.3,-7.73,0.1451
470.73,69.3,-3.91,0.6641
193.05,5.2,2.57,0.1624
480.6,14.8,-2.95,0.2969
452.68,67.0,-4.43,0.4554
97.9,41.2,-1.99,0.0731
34.68,87.5,3.67,0.3314
50.39,78.3,-6.08,0.0469
9.11,101.5,-4.13,0.0493
47.22,83.1,2.24,0.2924
341.5,51.6,3.14,0.6266
35.59,80.8,-1.76,0.0874
159.49,33.0,-4.6,0.0677
422.44,36.8,3.74,0.8312
11.64,94.7,2.49,0.4391
407.23,53.6,0.2,0.2999
140.93,95.8,-3.53,0.1079
59.08,98.7,-1.62,0.0406
348.37,102.9,-1.9,0.5761
314.47,110.0,-0.67,0.6249
438.74,51.7,2.13,0.8696
367.54,38.3,0.7,0.5113
401.74,69.9,-4.19,0.4166
141.02,44.5,1.94,0.1517
88.72,72.1,-0.72,0.0281
375.31,84.7,0.22,0.7153
403.42,82.6,2.17,0.8177
495.25,44.9,-4.28,0.4726
206.31,20.0,-1.59,0.1318
186.01,51.7,-2.83,0.0616
388.21,17.1,-5.42,0.282
170.4,106.8,-0.63,0.1651
465.38,41.5,4.78,0.954
429.21,18.5,-6.1,0.3057
214.5,3.1,-1.58,0.0304
375.44,77.5,0.1,0.4414
377.27,76.4,-1.19,0.5471
51.56,40.9,-1.78,0.0296
451.28,8.6,-4.75,0.4078
252.63,49.2,-0.92,0.0941
413.23,37.3,-3.39,0.3436
160.02,81.3,-6.97,0.09
447.76,72.7,1.49,0.8081
194.6,43.8,0.9,0.1501
5.42,26.1,-1.37,0.0237
452.69,118.6,-0.93,0.809
45.64,54.5,1.19,0.0945
159.66,82.6,-0.94,0.1362
475.03,16.9,0.76,0.3799
475.3,58.3,-2.24,0.5437
286.72,3.3,1.78,0.205
315.92,60.7,-0.7,0.2253
224.22,115.7,-1.01,0.239
146.61,46.1,-4.68,0.0421
164.33,4.7,-0.78,0.0164
336.26,3.7,-3.58,0.1102
376.19,46.6,-3.1,0.3328
395.79,19.2,-3.54,0.1519
394.81,2.8,-4.17,0.2156
45.6,90.7,3.81,0.6138
247.21,55.0,1.83,0.4779
28.78,34.7,3.3,0.2795
274.76,108.0,-4.56,0.3808
220.77,13.9,-1.32,0.1255
443.85,114.7,-4.73,0.601
175.46,37.7,-3.24,0.0545
58.53,106.6,-3.8,0.0218
71.5,72.4,1.6,0.2158
380.76,99.2,-2.49,0.6909
309.11,118.1,1.17,0.5424
50.56,34.6,0.01,0.0242
42.05,115.3,4.26,0.4366
350.48,46.7,-5.2,0.3092
36.38,46.3,1.65,0.1231
410.93,40.8,1.37,0.3426
353.12,65.0,-3.93,0.3785
40.67,18.5,1.02,0.0315
42.42,66.4,-0.66,0.0428
493.32,65.0,-2.07,0.6573
187.14,91.4,-3.56,0.1512
185.32,100.0,-3.3,0.1724
406.4,52.9,3.62,0.8337
473.62,36.3,-1.5,0.5789
493.0,31.1,0.46,0.5971
376.69,23.4,-3.48,0.2639
188.13,6.9,-3.45,0.0286
41.75,41.1,1.2,0.0467
388.57,32.4,-4.87,0.388
279.2,116.0,-2.54,0.3757
212.11,66.9,-1.41,0.187
453.18,41.7,-1.22,0.6533
55.6,69.7,-1.95,0.0765
246.31,16.7,-0.51,0.0969
5.68,53.3,0.23,0.0225
234.33,75.1,0.34,0.0709
28.15,58.7,-3.96,0.0299
59.41,48.2,-2.21,0.0303
58.76,119.3,1.49,0.2398
324.61,105.6,0.74,0.5116
373.02,74.8,-4.93,0.365
291.68,68.3,-0.62,0.116
481.09,74.5,-6.45,0.499
187.44,24.2,-1.38,0.0832
142.86,47.4,3.24,0.5396
434.3,4.7,-3.87,0.2683
111.8,57.1,-3.59,0.0701
481.61,65.2,0.41,0.7413
6.08,27.3,-5.36,0.0116
484.94,115.7,-3.08,0.7855
21.58,109.1,-0.01,0.0448
445.57,86.7,-3.09,0.6893
263.85,64.0,-2.09,0.2053
496.48,104.4,0.36,0.8027
36.9,15.7,-0.45,0.0126
276.93,94.9,-0.83,0.3756
484.65,15.0,-2.35,0.6557
261.55,95.3,-0.57,0.1851
314.7,33.1,-1.81,0.1603
347.87,105.3,-0.36,0.4944
227.27,113.3,-2.74,0.3568
313.78,17.9,-1.96,0.119
292.16,55.5,-3.97,0.0603
450.58,117.7,-1.59,0.8249
22.72,58.0,-3.53,0.0445
140.48,103.6,-4.29,0.0634
475.21,70.6,-0.85,0.5144
445.13,45.0,-0.97,0.6273
227.83,34.3,0.46,0.2378
310.07,24.4,-2.58,0.2343
138.69,91.4,-0.48,0.1084
94.06,46.4,-0.12,0.047
231.85,61.4,-0.39,0.143
176.68,59.1,-3.56,0.163
291.83,69.3,-1.13,0.173
38.87,103.9,-0.59,0.0459
487.2,117.7,-1.48,0.8413
493.11,48.9,-6.72,0.539
349.08,99.3,-1.1,0.6157
268.05,91.7,4.03,0.7509
154.76,68.8,-2.4,0.0948
406.9,114.7,-3.32,0.5037
342.37,24.1,-0.57,0.1984
81.31,13.1,-0.72,0.0122
455.46,102.5,1.48,0.7902
411.27,52.7,-4.64,0.2428
474.9,101.6,0.33,0.797
362.86,107.2,-0.02,0.5912
306.71,7.5,-1.86,0.0574
209.12,106.0,-0.65,0.3613
466.36,53.8,1.07,0.8733
433.03,61.3,0.68,0.578
22.61,75.2,-4.36,0.029
13.18,111.2,0.55,0.272
188.23,2.3,-1.66,0.0261
405.28,57.2,-1.32,0.4039
493.64,82.5,-1.32,0.685
75.21,86.7,-1.88,0.1273
297.07,83.1,1.48,0.5475
190.45,16.1,-1.71,0.0482
484.96,35.9,-4.3,0.3642
421.06,43.0,-2.48,0.3415
419.16,96.5,-1.05,0.4496
234.35,33.5,1.57,0.2394
207.41,25.3,0.01,0.0607
136.7,114.9,-3.63,0.0809
28.19,1.1,4.71,0.3093
432.36,119.7,-0.84,0.6239
406.45,81.2,1.69,0.5864
499.86,99.4,-1.88,0.7122
498.32,35.4,-0.17,0.5128
277.72,1.7,0.6,0.0592
384.49,88.5,1.55,0.7305
472.38,100.1,1.14,0.7197
424.82,88.9,0.68,0.8169
123.67,17.1,-2.29,0.0478
225.27,90.4,-2.93,0.1763
64.58,92.3,-0.67,0.0487
477.03,79.0,0.83,0.7209
303.09,91.9,-2.06,0.4037
114.32,101.5,1.16,0.2014
335.85,73.6,2.13,0.6134
309.06,10.6,-3.79,0.1372
179.08,58.5,-3.59,0.0765
56.78,9.3,-1.85,0.0167
335.79,48.9,-0.73,0.1069
260.15,48.9,-2.81,0.2316
386.16,7.9,1.88,0.4964
260.08,41.9,-0.44,0.1017
426.09,13.3,-1.4,0.5145
275.95,97.0,-5.09,0.3113
280.47,113.7,-4.79,0.2557
438.33,8.7,-0.8,0.393
201.74,114.6,-6.83,0.2753
67.01,62.7,1.03,0.0991
14.39,35.9,-1.9,0.017
377.57,9.2,6.61,0.9453
310.15,60.1,4.27,0.7881
352.04,95.3,-1.95,0.5061
106.48,84.9,-1.77,0.0346
68.19,6.0,0.99,0.0297
7.27,8.7,2.76,0.1425
175.29,48.3,-5.6,0.0597
294.96,35.4,-5.97,0.1289
196.12,27.9,-3.06,0.0608
218.74,33.7,-0.04,0.0546
452.08,96.4,-0.26,0.3679
174.13,111.5,1.17,0.3005
256.99,48.6,-4.5,0.1615
391.83,108.7,-7.29,0.5596
198.27,38.6,0.65,0.1171
311.04,57.2,-3.57,0.2437
431.18,27.1,-6.55,0.467
474.76,76.9,-1.14,0.588
73.54,117.5,0.48,0.1046
463.29,72.4,-1.81,0.5379
246.06,42.9,-2.64,0.1683
129.12,77.7,-1.9,0.1687
229.57,14.8,-2.43,0.0597
490.02,106.6,-4.87,0.7444
246.31,60.4,-3.29,0.1893
164.38,53.9,-0.2,0.0535
316.7,70.3,-0.7,0.2887
120.07,75.0,-1.08,0.0412
37.93,8.6,-3.99,0.007
64.44,81.9,-1.95,0.0709
64.02,29.0,-6.94,0.0231
75.95,85.7,-1.05,0.0754
69.41,98.7,2.07,0.2262
320.44,96.5,-5.19,0.2734
90.94,66.3,-2.96,0.0573
172.83,62.4,-0.68,0.0575
448.39,17.1,1.63,0.7348
236.98,93.0,-2.62,0.1316
333.78,32.6,-3.23,0.1917
86.16,59.6,-6.42,0.0311
96.14,34.1,-1.24,0.0505
20.43,16.1,3.61,0.1093
84.47,75.5,-0.81,0.0497
139.3,6.5,-1.56,0.0541
88.51,89.8,-0.69,0.0809
44.35,38.1,-1.53,0.0351
60.32,0.0,-3.53,0.0109
230.39,61.3,0.56,0.1087
103.17,5.6,-0.94,0.0283
182.13,33.1,-1.46,0.0627
251.71,84.8,-3.94,0.2889
345.2,7.5,1.76,0.352
19.66,100.7,0.16,0.0671
399.71,0.5,-2.88,0.1084
313.95,29.6,1.0,0.5007
40.88,88.9,-2.74,0.0511
436.79,38.0,-3.46,0.4781
460.44,12.2,-3.4,0.259
30.54,43.2,-5.93,0.0307
138.44,32.4,-0.32,0.0277
403.1,101.1,-6.08,0.6148
374.13,37.6,-4.57,0.2458
92.26,94.7,-6.69,0.0889
104.67,107.0,-1.72,0.1534
185.24,52.1,-1.88,0.0545
242.26,109.2,-2.32,0.2199
309.13,45.3,-4.11,0.2462
184.46,115.7,-4.43,0.4403
231.27,10.7,-0.34,0.0719
373.74,82.4,-2.88,0.5055
18.34,59.3,-0.71,0.0288
126.22,46.5,-3.71,0.1393
356.67,75.9,-1.05,0.2008
447.6,84.5,1.76,0.81
255.84,0.5,-0.03,0.037
266.06,20.0,-2.53,0.0347
53.59,85.6,-0.86,0.0667
223.71,80.0,-2.1,0.1914
266.31,115.9,-1.48,0.3158
121.24,91.3,-2.31,0.0986
134.62,114.1,-1.91,0.4595
188.64,84.3,-0.97,0.1352
10.04,35.8,-3.98,0.0259
161.04,12.6,-4.04,0.034
105.72,93.8,-4.97,0.1092
163.75,77.3,-5.5,0.1044
59.88,5.8,-4.54,0.0157
445.26,43.2,-1.1,0.6501
296.8,114.8,-3.73,0.5462
339.55,60.0,-0.22,0.3069
394.59,51.9,-1.41,0.1523
249.22,54.9,-6.42,0.1344
43.46,25.1,0.14,0.0877
268.55,44.2,0.53,0.1844
293.42,44.4,-3.98,0.2818
372.72,6.3,-0.45,0.3311
215.83,92.1,-3.64,0.2172
63.79,50.0,-1.26,0.0251
141.89,98.7,-4.66,0.043
181.54,102.0,-5.98,0.236
322.96,25.4,-2.46,0.1254
285.39,78.9,-1.81,0.2798
178.05,56.7,-2.49,0.0547
493.26,105.6,-4.46,0.7105
302.89,25.9,-2.5,0.1582
118.61,81.3,-0.83,0.1
50.89,72.9,-1.61,0.0278
76.43,35.4,-1.04,0.0596
122.98,16.4,-3.18,0.0274
80.34,78.2,1.43,0.0651
93.28,88.6,-4.44,0.0774
142.55,37.9,-0.28,0.0587
86.69,77.4,1.45,0.1554
448.38,47.4,-0.3,0.6176
40.12,85.6,-2.01,0.0468
262.26,23.9,-2.82,0.1088
205.2,106.8,1.09,0.2399
491.19,34.5,-5.06,0.5883
56.02,44.1,-3.93,0.0357
198.93,7.0,-2.49,0.0468
484.74,13.4,1.59,0.3972
432.75,61.9,-0.55,0.6486
408.54,32.1,-3.92,0.2036
128.95,100.3,-2.28,0.0945
85.44,1.8,-3.04,0.0263
334.32,45.5,-3.27,0.1491
464.69,40.5,0.95,0.4125
278.38,2.3,-4.93,0.0356
285.81,14.9,2.52,0.471
139.99,49.6,0.57,0.0714
384.75,59.1,1.23,0.8409
93.52,48.5,-2.66,0.0287
161.84,63.7,-1.87,0.0624
212.72,71.4,-5.08,0.1182
253.81,1.2,-2.81,0.0887
121.2,55.7,-0.27,0.0507
57.42,115.6,1.74,0.2777
305.31,62.3,-4.27,0.1662
144.32,81.3,-2.41,0.0564
290.62,37.4,-1.88,0.075
77.18,92.9,-4.99,0.0266
240.57,92.8,-0.02,0.191
266.29,62.6,-3.31,0.1705
25.91,117.1,-1.99,0.0546
168.3,15.1,-2.63,0.0906
67.21,2.0,-3.47,0.035
31.69,92.4,-1.52,0.0462
494.98,96.9,-2.04,0.5039
161.18,14.4,-2.43,0.0363
404.94,31.9,-3.32,0.2531
127.32,2.1,-0.7,0.0223
340.75,35.2,2.63,0.4964
380.11,92.8,-1.15,0.4027
297.82,62.2,0.99,0.3134
235.79,41.8,-4.98,0.0907
205.92,44.6,-1.11,0.1111
174.43,0.2,-4.24,0.0511
464.76,36.0,-5.19,0.3324
415.31,77.6,-3.35,0.6506
482.51,116.9,1.48,0.8193
62.15,101.6,0.88,0.0594
365.43,2.8,-0.89,0.2069
469.17,107.8,-5.33,0.6135
90.62,94.0,-1.99,0.0993
33.25,93.6,-0.75,0.0174
370.56,55.0,-1.06,0.4963
287.24,47.8,-6.11,0.2406
420.91,36.3,-3.73,0.2079
69.89,7.9,-1.66,0.0103
397.63,27.4,-0.16,0.482
100.81,29.6,-6.99,0.0261
81.83,58.1,-1.91,0.0326
82.13,89.7,-1.14,0.0258
407.29,56.9,0.62,0.4527
332.6,6.9,0.23,0.1532
261.53,114.9,-0.04,0.4192
179.42,113.1,-3.5,0.1123
438.6,94.2,-6.27,0.4163
196.22,119.0,-2.48,0.2849
408.3,65.3,1.0,0.701
219.57,115.5,1.98,0.353
188.47,9.1,0.28,0.1044
231.34,43.9,-0.43,0.1221
150.69,27.0,-0.55,0.0876
373.8,23.5,-2.89,0.2329
251.36,16.9,-1.83,0.0294
116.11,74.7,2.67,0.2843
449.79,93.8,-3.86,0.7378
191.95,69.4,2.54,0.2998
271.78,17.6,-2.31,0.0949
453.24,97.3,1.81,0.8301
312.12,76.3,-5.02,0.0905
58.45,46.6,-0.04,0.076
469.92,80.9,-3.34,0.5055
313.85,31.2,-5.04,0.2195
167.45,41.4,-0.95,0.0703
69.64,110.1,1.02,0.2595
397.01,34.9,-3.61,0.3548
310.04,56.4,-5.25,0.2157
266.73,106.8,-1.73,0.2296
446.95,84.9,-1.72,0.6788
394.3,7.5,-0.13,0.1024
75.84,17.7,0.87,0.0584
155.86,0.9,-1.65,0.0221
124.24,75.7,3.14,0.5347
371.97,53.7,-0.94,0.3458
16.77,16.1,-2.37,0.0218
284.94,115.0,-5.53,0.3881
381.23,63.6,-2.16,0.2021
438.38,29.0,-2.34,0.2713
171.04,60.1,0.9,0.2052
410.63,81.6,-0.34,0.5229
55.32,9.1,-4.45,0.0346
423.23,33.0,-1.07,0.397
63.74,96.8,0.18,0.0515
198.64,55.2,2.32,0.2517
398.65,65.6,0.72,0.5389
74.96,51.9,0.4,0.0173
114.63,5.3,-1.35,0.0649
361.13,19.9,-0.53,0.2513
360.02,53.5,1.62,0.6835
320.57,25.1,-4.83,0.0871
346.97,6.0,-2.37,0.2666
271.36,101.2,-3.43,0.5757
125.9,117.7,-0.55,0.0842
172.85,95.2,1.58,0.4113
90.8,102.5,-2.99,0.0965
454.23,29.0,-7.48,0.231
291.7,115.3,-2.53,0.4524
200.43,23.6,0.78,0.1604
231.0,114.2,-0.16,0.2244
473.64,119.4,-0.43,0.8406
76.68,85.4,-2.2,0.0311
293.11,117.7,-4.7,0.243
252.94,68.3,-0.21,0.2005
305.73,31.1,-3.59,0.1716
9.06,52.4,3.96,0.1648
436.06,71.2,-0.07,0.6134
466.06,8.8,-2.95,0.4074
282.57,74.7,-3.03,0.334
348.33,117.7,-1.73,0.4978
461.25,22.8,-2.1,0.4585
353.62,95.1,1.29,0.5764
76.27,108.9,-1.03,0.2264
288.14,113.2,-3.33,0.2885
303.36,115.2,3.23,0.9336
212.07,62.6,-1.38,0.1362
368.22,117.3,0.42,0.4429
467.18,90.9,-3.02,0.7832
462.78,19.4,-0.59,0.3908
225.42,57.2,-0.72,0.1958
56.62,86.2,-6.22,0.1051
492.42,29.7,3.54,0.8981
419.45,76.9,1.73,0.6789
62.33,80.0,-2.49,0.09
460.42,19.5,-4.26,0.3721
434.95,67.8,-0.63,0.5841
259.42,92.6,-1.28,0.1079
295.64,59.9,-0.61,0.2663
199.5,1.5,-1.02,0.0391
27.38,1.1,-0.23,0.0311
167.6,42.8,2.12,0.2821
401.43,111.1,-0.08,0.6221
2.32,27.4,-4.12,0.0213
166.75,76.1,1.91,0.2011
199.08,26.6,2.6,0.4663
268.7,38.6,6.38,0.9549
459.93,101.8,-4.31,0.7114
173.17,87.5,-0.89,0.2675
173.48,11.4,-6.71,0.0382
368.75,51.4,-0.12,0.2356
226.11,3.5,-2.87,0.068
112.3,57.7,3.31,0.3697
226.22,79.5,-3.44,0.1551
70.43,14.2,-5.72,0.0306
88.19,34.7,-2.68,0.0422
249.18,47.7,-6.44,0.092
209.46,110.3,0.38,0.3356
457.42,119.2,-6.66,0.7988
181.2,5.4,-1.43,0.053
290.29,91.3,-6.69,0.4424
316.13,44.6,-2.3,0.1289
6.55,47.1,2.61,0.1254
331.77,90.5,-0.6,0.2548
89.02,110.2,-3.66,0.0635
480.54,114.1,-1.58,0.6771
74.33,69.3,-1.45,0.0343
207.31,42.9,-0.32,0.0778
42.67,94.5,-4.92,0.0548
498.44,30.1,-0.02,0.5885
251.1,67.7,-8.26,0.1629
297.69,43.0,-3.07,0.094
33.54,78.8,-2.72,0.0773
374.98,28.8,0.08,0.1922
104.95,23.0,-1.44,0.0341
449.03,110.2,-5.01,0.7248
102.57,12.2,-3.96,0.0324
95.34,60.7,-1.0,0.0928
18.27,26.5,-1.7,0.0237
236.03,4.7,-2.95,0.0487
282.42,4.3,-2.7,0.2523
32.85,21.0,0.24,0.0246
387.76,104.0,-2.79,0.5221
226.64,33.9,-1.72,0.1549
262.2,114.1,3.92,0.8567
220.38,69.8,-5.06,0.1839
200.38,52.4,-6.13,0.2963
279.82,69.6,0.46,0.2536
77.62,62.0,-3.2,0.0428
90.96,91.1,-2.3,0.0872
430.89,33.9,-3.45,0.4978
473.06,42.4,-2.15,0.3029
186.65,107.3,2.5,0.2927
135.37,113.6,0.51,0.154
322.0,107.1,0.66,0.3228
204.37,50.3,-5.04,0.0893
12.69,93.6,-4.38,0.0605
78.08,57.2,-8.6,0.0304
357.99,59.7,-3.52,0.1894
329.46,24.6,0.89,0.2837
13.55,70.9,-0.21,0.0523
110.99,22.3,-2.05,0.0159
115.54,39.8,-1.56,0.0712
335.95,102.6,-3.22,0.5338
9.86,24.8,-0.99,0.0273
52.05,8.5,0.41,0.0432
399.96,8.3,-5.54,0.4812
89.27,112.9,-0.75,0.0936
326.37,60.8,0.83,0.3958
119.09,49.1,-2.54,0.0466
49.72,97.3,0.25,0.0765
121.59,100.3,5.54,0.8875
361.13,39.9,-1.76,0.1564
427.85,83.2,-0.52,0.4356
415.11,92.5,-3.35,0.7104
198.59,78.6,-1.05,0.2274
334.04,18.2,-0.35,0.1498
102.49,105.1,-1.01,0.1576
146.57,64.7,-4.05,0.101
448.17,33.9,-0.98,0.5851
6.5,51.0,2.16,0.0869
42.75,4.5,-0.38,0.0272
103.94,15.3,0.9,0.1716
13.27,91.9,-2.09,0.062
90.72,0.0,0.37,0.0286
291.52,50.0,-0.8,0.2579
210.71,62.7,-3.88,0.1134
446.34,6.6,-0.7,0.5898
408.72,116.8,-3.98,0.6482
170.91,27.1,-3.08,0.0541
129.71,36.5,-1.03,0.0345
189.85,36.5,-0.76,0.1318
295.15,27.6,-4.47,0.2158
134.03,0.2,1.13,0.0478
312.07,87.5,-0.07,0.4007
204.71,116.0,-3.26,0.1328
276.02,26.9,-5.34,0.1424
218.06,79.6,-1.86,0.2082
147.23,89.0,-2.61,0.2436
474.23,101.8,-1.22,0.6072
381.8,50.7,-2.41,0.2102
70.06,36.4,-6.52,0.021
434.23,39.0,-2.47,0.2481
243.72,85.5,-2.26,0.3545
447.28,98.0,0.08,0.7979
399.93,21.8,-3.25,0.3071
212.61,44.5,2.7,0.5243
11.23,108.2,-6.28,0.0618
134.34,96.8,1.78,0.2781
270.82,118.2,-2.06,0.3258
316.74,90.5,0.65,0.4075
128.94,47.2,-1.3,0.0283
69.68,70.9,1.35,0.1259
417.47,79.3,-2.47,0.5023
492.2,9.4,-4.25,0.4879
262.85,65.3,2.05,0.4651
85.84,85.1,-1.78,0.068
136.15,20.1,-0.95,0.0281
9.2,93.7,1.59,0.1158
457.15,70.1,-4.08,0.6404
58.88,114.3,-0.01,0.0528
288.26,5.1,-2.97,0.1117
137.03,31.8,-1.83,0.0568
277.09,72.2,-1.32,0.1737
325.71,35.6,-5.25,0.1605
414.87,85.7,-3.45,0.5548
103.21,91.1,1.88,0.1483
5.5,12.3,0.72,0.0249
68.44,61.7,-1.66,0.03
450.01,61.1,-0.89,0.6336
436.95,44.3,-2.24,0.6962
298.71,112.0,1.89,0.5679
300.26,99.3,-2.0,0.4155
332.52,83.7,-0.92,0.2792
87.69,85.7,1.37,0.2363
457.21,55.4,-3.44,0.3444
209.39,110.5,2.4,0.6251
191.57,83.4,-5.33,0.104
259.46,87.5,2.57,0.5815
23.48,103.4,-2.43,0.0364
83.14,32.9,-2.11,0.0507
369.02,96.8,-6.23,0.3743
41.4,23.4,-2.64,0.0282
301.58,41.4,-4.1,0.1628
122.67,40.3,-3.02,0.0487
194.65,117.4,-1.84,0.2483
144.35,102.8,0.89,0.1614
177.84,84.1,-0.98,0.1532
359.52,87.2,-0.73,0.6107
148.56,67.4,-4.24,0.0636
283.2,113.7,-3.7,0.5141
238.03,59.6,3.0,0.6994
331.84,45.7,-3.34,0.1724
468.41,19.6,2.64,0.5981
366.29,94.3,-2.11,0.4991
107.47,88.1,-1.49,0.0697
15.59,46.1,1.18,0.1147
131.13,3.0,1.68,0.0847
297.54,100.7,-1.78,0.2669
25.71,1.4,-2.47,0.0078
248.18,84.4,-1.64,0.3312
298.42,116.4,-0.66,0.3426
167.12,52.5,0.73,0.1283
385.46,28.2,-1.49,0.3739
53.3,84.6,0.05,0.0466
37.57,98.1,2.6,0.2325
364.09,65.6,-0.55,0.3516
247.75,116.0,-0.72,0.3928
344.2,6.2,-5.3,0.2046
217.41,60.6,-8.08,0.1232
123.2,86.2,-0.53,0.1007
409.55,103.5,-1.74,0.5358
399.71,21.5,-2.79,0.1521
347.35,96.0,-0.89,0.462
136.07,66.3,-1.65,0.1869
295.12,47.6,1.32,0.2544
180.49,15.8,-1.28,0.039
45.79,103.8,-3.37,0.0469
458.66,18.9,0.98,0.5987
68.41,37.2,-2.04,0.0403
475.12,34.8,-0.18,0.4363
223.0,104.6,-2.69,0.1671
92.57,80.7,-3.12,0.0757
270.95,95.6,-1.29,0.157
436.47,30.1,-1.47,0.3809
366.11,75.0,-0.3,0.4974
403.28,68.6,-2.17,0.2952
329.39,99.9,-6.09,0.2438
346.14,108.7,-2.58,0.6659
424.6,1.5,0.48,0.2504
124.83,80.9,-2.24,0.1519
244.71,6.2,-2.12,0.0741
110.6,65.9,0.97,0.1063
493.83,34.5,-3.28,0.5468
472.03,36.8,-5.36,0.3512
19.71,42.4,-1.9,0.0256
352.79,74.6,-2.71,0.3208
462.62,40.1,-3.92,0.2978
90.29,87.9,-1.94,0.0919
283.97,48.5,-0.27,0.1636
457.74,8.2,-1.52,0.3114
16.97,94.1,-0.73,0.0277
348.71,34.3,3.03,0.8053
148.67,51.9,-2.36,0.1098
462.2,82.3,-0.8,0.7137
485.53,39.9,-2.77,0.4576
472.13,6.8,-3.62,0.1846
237.11,44.9,-2.96,0.2782
431.02,113.3,-2.7,0.6497
422.27,77.0,-0.6,0.4155
159.55,80.6,4.37,0.6936
414.46,75.9,-3.29,0.6312
18.5,23.9,-2.54,0.0179
298.13,50.2,-1.66,0.3268
115.0,90.1,-0.51,0.1562
60.28,12.2,-0.84,0.0125
38.48,33.3,1.71,0.0473
348.14,33.2,-7.57,0.3233
169.94,51.8,-7.47,0.0237
362.38,117.6,-2.74,0.5222
32.68,8.1,1.24,0.0165
157.65,62.2,-5.41,0.0729
269.75,21.5,-9.02,0.1026
395.36,116.5,-0.07,0.5575
159.38,13.6,-0.89,0.0357
312.95,48.4,-4.23,0.1396
442.99,88.5,-3.96,0.8203
307.93,84.5,-3.92,0.5413
116.48,50.7,-1.22,0.0327
12.2,41.6,-3.07,0.048
435.05,47.7,-0.26,0.3767
10.63,31.7,-8.64,0.0203
437.35,24.6,-3.64,0.34
264.47,58.0,-4.32,0.1365
469.53,32.2,-2.14,0.5576
399.39,34.5,-2.85,0.3264
498.97,78.8,0.49,0.6753
175.36,116.2,-6.15,0.1186
383.59,72.4,-1.39,0.3118
200.97,9.2,-0.1,0.0273
239.94,9.1,3.14,0.3651
313.75,114.2,-2.7,0.2941
436.84,35.7,-0.69,0.3537
492.04,11.0,-6.01,0.5713
384.14,71.9,-7.48,0.5624
208.88,74.8,0.61,0.205
210.68,77.8,-1.51,0.1557
368.79,32.1,1.45,0.6769
119.39,1.8,-4.93,0.0371
55.24,115.8,-0.2,0.0769
177.31,30.1,3.17,0.1916
143.62,81.1,-0.45,0.1259
148.15,84.8,-0.81,0.1641
116.8,73.2,-1.48,0.0582
21.05,37.5,-5.43,0.026
8.94,32.5,1.89,0.0479
493.86,71.7,-3.03,0.607
213.89,103.9,-0.24,0.0777
192.16,113.6,-5.41,0.2027
339.82,12.7,-4.45,0.2486
109.13,18.6,2.09,0.0823
474.98,113.4,-2.37,0.7363
393.17,88.4,2.13,0.7054
44.71,106.0,-1.7,0.0853
208.79,24.3,-6.1,0.0709
439.56,70.5,0.73,0.5107
472.37,84.1,-2.97,0.7698
233.7,81.6,0.25,0.3114
306.71,49.0,-1.44,0.166
83.52,1.8,-5.36,0.0278
495.58,70.0,-1.09,0.6863
115.84,30.4,3.99,0.4008
471.37,54.0,-0.27,0.3174
324.82,114.9,-1.64,0.5807
303.87,47.9,1.19,0.2844
256.34,100.8,-0.97,0.2467
115.33,22.6,-0.98,0.128
88.26,80.7,-4.23,0.0807
110.24,117.2,-0.92,0.1138
93.22,12.2,1.09,0.0176
389.79,1.0,-3.59,0.3381
175.06,52.0,2.06,0.1474
28.92,11.1,-1.73,0.0099
484.55,89.8,-3.72,0.6359
441.89,109.7,0.99,0.8793
463.88,52.1,-2.22,0.5936
497.45,31.0,0.4,0.5264
86.95,52.1,-2.23,0.0537
198.12,86.8,-1.65,0.1286
379.12,1.1,-0.27,0.2009
348.01,70.7,-0.77,0.3502
76.95,73.6,-6.49,0.0914
407.92,76.5,-4.3,0.5974
112.22,29.0,0.82,0.0812
111.91,85.7,-1.83,0.0758
268.49,11.0,-2.81,0.1398
296.47,23.9,-4.9,0.14
290.04,105.3,-4.2,0.2421
45.74,88.6,-6.55,0.0472
438.73,1.6,-1.75,0.2843
132.8,29.8,-3.0,0.0734
64.76,25.7,-3.92,0.0244
444.37,32.5,-1.67,0.2569
477.83,29.7,-0.59,0.4493
431.06,7.5,3.73,0.7954
404.76,55.1,-5.28,0.4151
327.62,87.9,1.4,0.6768
275.43,72.8,0.93,0.4662
43.49,80.7,-3.45,0.0378
204.23,9.7,-0.99,0.0462
186.34,114.2,-2.64,0.1398
129.88,100.6,-1.04,0.1677
361.71,96.6,2.27,0.8734
247.94,98.8,0.01,0.2343
40.52,111.9,-0.23,0.068
110.09,65.3,-2.58,0.1294
341.63,24.0,-5.21,0.2398
38.07,74.0,-2.02,0.0538
425.6,89.1,1.52,0.6356
247.57,88.6,-5.32,0.2991
240.29,62.6,-4.14,0.1087
296.2,8.2,-1.18,0.0708
412.34,44.5,-3.96,0.3303
173.9,110.5,-3.48,0.1488
339.01,70.1,-2.56,0.3001
282.87,64.6,-4.91,0.1204
133.51,32.3,-3.94,0.0781
439.31,44.2,0.26,0.5979
398.71,107.4,-4.77,0.338
329.23,80.0,-5.49,0.4558
425.29,94.5,-3.08,0.4786
433.65,54.5,0.33,0.6019
354.18,75.6,-1.99,0.3621
418.51,29.8,-2.66,0.3339
348.74,84.7,-1.39,0.3699
340.07,51.3,-5.86,0.4004
309.31,53.1,-0.26,0.136
376.36,77.9,-0.54,0.4959
79.3,112.4,-2.52,0.1639
440.44,7.7,1.01,0.5264
435.92,99.0,-4.32,0.8368
14.62,35.1,1.32,0.0346
412.91,53.3,-1.11,0.5202
64.43,2.6,-2.34,0.018
167.56,36.1,-1.55,0.1191
371.75,60.3,-1.77,0.3486
80.38,6.7,1.55,0.0466
408.98,58.9,-4.19,0.5766
416.07,111.3,-3.41,0.5626
253.73,12.6,1.09,0.0885
3.19,91.7,-2.99,0.0337
143.52,49.2,0.75,0.1354
308.46,78.6,2.75,0.8164
490.59,31.2,-2.5,0.4872
315.91,19.1,0.2,0.2881
129.9,19.3,-4.38,0.0208
317.0,8.5,0.39,0.1386
269.99,22.3,-1.0,0.1043
389.92,79.7,-0.32,0.4397
53.49,105.8,-3.11,0.08
380.51,97.7,-5.65,0.5878
270.63,82.2,-0.24,0.2101
481.5,13.3,-6.66,0.4062
170.94,34.7,-2.29,0.0669
316.31,37.2,0.85,0.2037
466.01,30.0,-1.02,0.4064
51.25,61.8,3.37,0.2293
468.61,64.3,1.06,0.6831
343.94,42.8,-3.13,0.2516
33.92,42.5,-1.43,0.0278
150.48,99.4,-1.62,0.117
354.09,94.7,-5.46,0.5962
33.68,36.9,-3.85,0.0139
291.09,109.7,-2.9,0.2917
172.94,114.3,-6.59,0.4971
310.46,39.2,-1.38,0.1249
22.87,42.5,-2.12,0.0127
435.77,60.7,-5.68,0.5655
486.74,112.9,-0.49,0.5124
484.44,105.2,0.29,0.7328
374.83,12.3,-0.93,0.4393
65.04,47.1,-2.31,0.0172
379.13,66.4,-0.02,0.1882
12.29,60.4,0.2,0.0159
11.06,23.3,-0.73,0.0263
161.81,103.1,-3.56,0.2502
244.32,81.2,-0.81,0.1703
385.2,100.5,1.49,0.79
341.65,103.1,-2.99,0.6164
222.95,89.8,3.74,0.8546
136.81,52.7,-2.81,0.0608
498.56,73.3,-1.42,0.3628
213.09,19.2,-3.18,0.0513
225.69,80.8,-0.94,0.1551
81.81,21.5,-5.86,0.0253
397.4,83.3,-2.87,0.4587
346.84,27.6,-4.23,0.3203
110.38,14.1,-1.16,0.0591
41.19,19.8,0.99,0.0333
340.25,0.2,0.12,0.2394
327.26,86.2,-7.43,0.3991
136.63,87.9,3.61,0.5267
475.43,61.8,-0.76,0.6645
75.53,19.4,-3.44,0.0274
216.17,10.0,-1.11,0.1692
471.81,2.3,-1.06,0.1962
209.86,19.9,-3.17,0.0584
319.26,106.9,-1.01,0.4
198.8,29.0,-3.02,0.0949
137.11,42.5,-2.51,0.1061
491.99,12.6,-3.22,0.4045
204.67,26.7,-5.08,0.0402
447.05,62.3,-1.14,0.6064
114.98,72.9,-0.04,0.1082
106.55,29.4,-0.21,0.0151
15.57,6.9,0.55,0.019
325.83,46.9,-0.69,0.1208
184.26,28.1,-2.83,0.0504
432.18,26.3,0.6,0.3232
236.6,115.2,-4.89,0.3835
484.1,74.0,-3.75,0.6319
92.76,66.8,-3.91,0.0323
434.31,49.9,1.2,0.7074
388.3,51.5,0.86,0.3049
385.46,64.9,-0.28,0.431
422.39,83.6,1.18,0.6067
380.51,84.3,-3.7,0.4074
313.11,20.6,-0.63,0.1925
65.62,60.0,-1.81,0.0566
16.26,49.4,0.62,0.0698
460.42,104.5,-1.79,0.6702
308.33,75.8,-2.46,0.3222
398.27,63.9,-0.15,0.3603
240.76,13.8,0.69,0.1346
58.65,72.7,-3.17,0.0618
62.59,14.1,-1.65,0.0211
342.78,40.5,-4.15,0.1138
215.15,17.1,-7.75,0.0866
100.26,83.0,-1.0,0.0936
245.8,24.8,0.02,0.0766
32.1,47.0,-0.84,0.0151
290.99,107.5,-6.37,0.5444
134.5,24.5,-2.38,0.0568
398.78,60.9,-7.05,0.3751
155.18,50.3,1.92,0.1281
227.61,2.2,-4.22,0.0449
5.81,95.1,1.64,0.1991
36.22,8.3,0.86,0.0294
196.25,56.9,-3.75,0.0869
239.97,67.3,-4.33,0.2115
300.01,75.4,-0.62,0.2017
145.83,82.6,-3.61,0.207
347.49,30.4,-1.24,0.3571
430.06,1.2,-2.71,0.2184
389.93,86.8,-5.95,0.4031
19.81,64.3,-7.08,0.0091
240.25,100.3,-0.93,0.1402
52.47,98.6,-2.9,0.0366
121.02,101.2,-2.88,0.125
493.33,58.2,0.24,0.5746
71.25,40.0,1.43,0.0414
249.44,95.0,-2.18,0.2279
309.08,54.2,-2.35,0.2764
351.23,22.0,-0.25,0.2505
279.82,102.6,-4.89,0.1581
4.89,105.9,-0.94,0.0504
163.23,56.0,-0.12,0.0454
258.86,9.1,0.2,0.1517
43.93,46.5,-6.34,0.0449
175.31,96.4,-3.4,0.1091
16.6,108.2,-3.7,0.042
39.29,24.4,-1.25,0.0171
198.46,8.0,-0.3,0.0195
66.36,105.3,2.24,0.2938
283.77,46.7,-2.74,0.159
344.73,65.0,-2.74,0.43
400.29,116.2,1.37,0.6726
100.08,8.0,-0.76,0.0201
83.74,77.8,1.67,0.082
52.28,8.9,-0.78,0.0115
318.22,45.1,-4.39,0.1336
353.24,96.5,-4.83,0.5673
15.79,52.0,-5.38,0.019
468.11,119.7,0.16,0.7676
25.99,67.1,1.47,0.0696
270.65,38.5,3.12,0.3735
354.53,26.4,0.61,0.2715
435.48,42.1,1.41,0.6811
357.04,44.7,-2.95,0.1712
400.86,8.2,-4.39,0.3176
169.73,44.3,0.63,0.074
407.41,55.7,-0.46,0.3438
40.06,86.7,-1.23,0.0683
447.41,78.8,-0.53,0.4824
273.8,85.1,-0.69,0.266
408.65,1.0,1.71,0.414
226.16,26.1,1.74,0.2329
321.79,79.4,-0.14,0.1273
263.2,58.1,0.61,0.1121
365.79,0.6,-0.21,0.2216
40.81,96.5,-2.65,0.0991
30.18,92.7,0.39,0.0436
123.55,65.8,-4.99,0.0662
79.77,8.0,1.13,0.0515
435.89,92.0,-4.49,0.6712
109.61,70.0,-0.79,0.027
487.93,93.8,-3.61,0.591
168.45,90.2,-0.12,0.1229
91.06,96.4,-1.58,0.1219
394.85,62.2,-5.49,0.6986
329.35,16.8,-0.45,0.151
249.1,80.5,-2.94,0.1189
277.68,74.5,0.7,0.3685
359.6,89.1,-1.5,0.5923
114.23,20.4,-0.51,0.0382
498.17,23.4,-3.89,0.3505
487.4,106.8,-2.97,0.8147
325.16,90.0,-2.65,0.446
99.77,109.0,0.64,0.1002
340.11,91.0,2.69,0.8011
36.1,71.7,-3.51,0.0668
15.33,78.5,1.19,0.1308
128.84,106.7,-6.92,0.1299
231.31,69.5,-4.49,0.1435
434.14,75.9,-3.9,0.6737
363.58,18.8,-4.88,0.1284
371.35,56.9,-5.46,0.3877
212.75,86.0,-0.47,0.1003
172.97,32.5,-2.04,0.1095
185.52,24.3,-0.55,0.0584
493.82,37.7,0.23,0.6869
20.05,29.0,-0.84,0.0251
433.52,25.8,0.14,0.2369
289.34,51.0,-1.67,0.33
219.31,108.9,-4.47,0.4168
362.63,60.8,1.14,0.6086
243.33,22.6,-2.97,0.0694
436.71,9.2,-3.84,0.2649
450.35,83.5,-1.94,0.6055
210.86,45.9,-3.78,0.0776
138.41,98.6,-2.54,0.2559
296.18,79.1,-0.64,0.295
456.18,95.5,-0.63,0.3167
105.33,32.6,-3.74,0.0475
311.48,83.1,-2.72,0.2817
315.78,31.7,1.19,0.3048
366.56,112.7,-0.26,0.4846
65.78,76.4,3.69,0.4472
357.91,38.9,1.45,0.5933
454.52,32.3,1.36,0.6409
89.84,22.9,-4.97,0.0264
118.77,83.4,0.41,0.1116
485.7,26.2,-1.63,0.4475
90.49,71.4,-2.88,0.0429
427.19,31.8,-1.08,0.4215
246.14,79.4,0.86,0.3563
123.62,97.8,-0.25,0.2186
435.37,93.4,-3.7,0.7332
222.65,91.3,0.36,0.1857
257.41,22.5,-3.09,0.1554
179.62,10.6,-0.96,0.0329
296.48,83.9,-2.26,0.3724
81.76,44.2,-2.05,0.031
195.54,51.9,0.42,0.0817
484.71,3.7,-4.1,0.395
129.07,31.1,3.36,0.0895
328.37,4.0,-6.05,0.0637
162.6,105.5,-2.99,0.1538
386.74,29.2,-0.57,0.2836
65.44,66.9,-0.04,0.0408
484.91,4.7,-1.75,0.2075
226.89,80.0,-1.64,0.1309
118.03,38.8,-0.47,0.0585
36.75,107.8,-2.08,0.0912
84.88,106.6,1.98,0.261
259.89,39.0,0.6,0.2895
168.5,108.1,0.68,0.2845
414.44,119.5,-3.92,0.5585
215.44,99.0,-1.7,0.193
124.36,101.4,-2.25,0.0638
308.57,29.9,-4.01,0.1628
353.39,69.2,-0.6,0.4803
83.52,8.1,-2.84,0.0333
83.81,11.4,0.14,0.0534
18.34,119.9,-4.18,0.0626
368.2,39.2,2.8,0.7998
331.9,89.8,-3.74,0.3556
237.32,96.8,-0.95,0.398
422.09,103.0,0.48,0.6677
402.84,119.7,-2.93,0.7052
292.68,29.0,0.63,0.3526
434.14,4.8,-4.57,0.259
102.92,49.3,2.13,0.1752
55.96,15.6,-1.46,0.0402
134.87,2.7,-2.99,0.0309
28.54,43.3,-2.25,0.0136
265.58,94.0,0.52,0.6036
468.3,67.9,-2.96,0.5077
19.67,37.5,-3.37,0.0241
61.05,78.5,-2.05,0.0949
226.1,27.8,-4.44,0.0706
466.94,1.7,3.05,0.643
158.08,91.7,-2.92,0.1502
253.62,74.8,0.58,0.1304
20.79,91.5,-0.98,0.0429
74.17,4.7,-3.96,0.0238
493.32,100.5,-1.51,0.6939
482.56,74.3,0.46,0.495
2.47,67.6,-1.97,0.0648
475.91,75.0,1.48,0.7979
319.56,103.7,1.05,0.7232
433.96,70.4,0.8,0.593
227.37,69.7,-2.65,0.1115
257.8,118.9,-4.2,0.3729
244.42,90.8,-3.03,0.2158
333.43,53.1,-1.01,0.1645
69.83,84.9,-0.14,0.1264
14.99,46.7,-6.93,0.0182
153.96,27.5,-1.52,0.0224
352.34,71.6,-1.1,0.5143
100.93,111.4,-2.19,0.0933
336.72,111.5,1.73,0.6455
484.96,41.0,-0.45,0.2916
46.95,63.3,1.78,0.2246
336.3,25.4,-2.04,0.1117
221.88,119.5,0.84,0.4019
434.07,117.7,2.59,0.9398
88.57,77.9,1.78,0.2069
346.31,96.5,-4.23,0.4228
419.06,85.8,-2.13,0.3293
472.31,71.2,-2.36,0.4853
341.62,6.4,-0.28,0.1712
248.59,54.6,0.22,0.1238
308.92,81.0,-3.6,0.3291
434.45,81.3,-1.33,0.6309
285.3,44.8,-6.55,0.2564
15.19,113.0,2.1,0.1157
465.47,20.1,-2.78,0.651
344.76,60.0,-1.36,0.3876
338.26,82.9,-2.27,0.3656
107.84,83.7,1.37,0.2653
329.44,77.8,-8.59,0.6191
196.93,33.0,-1.54,0.0412
325.62,18.7,-1.76,0.151
53.3,76.3,-2.63,0.016
328.92,71.9,2.82,0.7302
499.71,21.5,-3.72,0.5008
24.11,84.6,0.43,0.0573
488.59,54.6,-0.61,0.4752
203.45,80.1,1.65,0.1541
435.38,100.5,-3.17,0.6631
391.19,20.4,-3.33,0.4165
283.51,2.3,1.24,0.1482
369.22,93.5,-0.44,0.519
439.26,73.2,-5.36,0.3379
202.07,84.0,-2.85,0.1985
163.52,100.6,-0.53,0.1324
333.8,96.3,0.59,0.3991
403.92,115.3,-3.2,0.5202
381.14,64.3,-8.79,0.3356
398.91,58.6,-0.19,0.4407
217.79,48.2,-4.55,0.0635
408.92,18.4,-6.54,0.2404
60.1,68.7,-8.58,0.047
272.24,33.2,0.53,0.1139
2.88,110.6,-1.18,0.1278
162.29,70.0,-2.06,0.0705
183.23,71.1,1.97,0.2463
198.09,42.6,0.09,0.0624
347.73,6.2,2.54,0.6898
194.28,3.8,-4.98,0.0684
224.35,50.8,-1.59,0.0823
118.77,10.1,-5.54,0.055
186.63,72.8,-2.07,0.1401
113.63,105.7,-2.12,0.1328
36.6,105.9,0.07,0.0601
301.72,79.1,-1.39,0.2185
334.11,25.3,0.06,0.2239
309.75,103.6,0.26,0.3575
231.75,106.3,3.89,0.8993
189.89,23.6,-2.29,0.0369
431.67,88.5,-3.85,0.7405
259.54,34.4,-0.88,0.1231
239.59,96.3,-3.51,0.2711
12.82,119.7,2.2,0.2967
170.62,3.6,-2.21,0.0324
190.1,107.7,-2.91,0.2826
199.41,74.7,-2.68,0.0416
290.09,116.8,0.3,0.3522
266.8,55.8,-1.89,0.1202
303.95,101.7,-3.1,0.2369
382.44,7.5,2.66,0.5405
406.49,40.2,-3.64,0.389
359.06,8.0,-1.41,0.2395
477.76,117.0,0.13,0.7819
9.12,98.0,-5.58,0.0359
97.89,102.3,-0.3,0.1194
3.78,112.6,-4.14,0.0618
323.74,10.2,0.56,0.2779
449.02,46.3,-3.91,0.5436
121.74,8.5,0.23,0.0375
463.52,25.3,1.26,0.4744
30.13,27.5,0.65,0.0223
467.22,56.3,-0.87,0.452
175.81,32.2,-2.08,0.0591
50.71,12.1,-2.94,0.0223
242.94,20.1,2.18,0.3564
128.39,17.7,-3.25,0.0379
142.44,116.8,-4.09,0.1679
153.64,91.1,0.16,0.15
401.51,116.1,-3.49,0.5489
269.58,52.8,-3.88,0.1177
155.65,33.4,-5.11,0.0258
305.17,95.8,-2.71,0.275
358.08,39.2,-1.71,0.3076
136.31,35.9,-0.89,0.0383
206.77,27.9,0.88,0.1172
60.94,15.6,-0.18,0.028
90.57,30.8,-1.98,0.0451
340.56,42.6,-2.0,0.1577
90.72,80.9,-0.22,0.1128
262.58,7.5,1.68,0.3287
354.52,25.3,-1.18,0.1359
53.44,97.1,-2.67,0.0462
283.66,17.6,-3.98,0.2025
128.28,41.1,-5.11,0.0507
481.46,103.8,0.17,0.4744
241.77,18.6,-0.06,0.048
403.0,9.9,-0.06,0.2224
275.11,58.1,-1.82,0.1183
21.71,36.3,2.02,0.0585
316.58,67.6,-2.71,0.2815
475.7,96.5,0.89,0.8825
300.81,16.5,-1.6,0.1201
409.59,69.7,-3.02,0.5886
442.1,60.7,-0.02,0.6595
114.04,17.3,-0.48,0.0684
106.02,74.9,-0.61,0.0842
305.49,32.8,-1.3,0.0728
205.51,58.5,-1.59,0.1484
419.93,9.9,4.47,0.9015
450.01,55.2,1.46,0.682
176.71,36.8,0.31,0.1857
118.44,98.7,-1.22,0.1622
390.26,6.8,1.02,0.406
137.4,50.2,-0.21,0.1087
411.31,55.0,-1.43,0.4458
211.87,87.0,-2.26,0.0603
333.77,68.9,-1.7,0.2601
47.77,80.1,-9.43,0.0896
311.93,93.2,-0.97,0.267
225.88,103.5,-2.72,0.2222
293.3,37.7,2.48,0.3493
84.01,64.6,-1.45,0.1227
368.44,100.8,-4.47,0.6901
431.4,118.7,-1.62,0.5721
108.37,106.7,-4.12,0.1237
47.86,44.6,-0.32,0.0221
11.82,23.4,-0.77,0.0231
320.99,58.7,0.89,0.4355
303.55,89.0,-3.48,0.418
273.35,59.1,-1.41,0.2209
115.97,58.0,-4.91,0.2253
195.45,100.6,0.25,0.1432
297.24,43.4,-0.2,0.0889
248.38,103.2,-0.26,0.2383
493.89,48.8,-1.5,0.3542
68.22,39.4,-0.46,0.0161
347.57,54.5,2.51,0.5259
202.16,91.5,-2.21,0.1222
214.1,15.1,-1.15,0.0458
358.8,23.6,-4.22,0.2656
346.22,114.2,-3.67,0.4327
495.63,21.1,-1.26,0.4234
64.2,68.1,1.26,0.1466
52.05,69.5,-2.14,0.0316
362.17,58.8,-2.09,0.2987
289.19,77.4,-2.52,0.3009
137.08,27.6,-2.84,0.0187
39.71,66.3,-0.76,0.0124
42.83,44.7,-5.24,0.0351
447.1,79.4,1.7,0.8228
95.93,16.9,-3.16,0.0797
161.69,68.5,0.3,0.1282
113.33,22.2,-4.67,0.0547
177.5,33.4,0.17,0.0709
34.71,26.2,0.18,0.0273
259.53,21.9,-0.54,0.2208
33.81,99.1,-3.99,0.0218
400.18,34.3,-0.88,0.3595
116.86,111.3,-4.46,0.304
270.01,116.4,-2.13,0.3886
440.04,68.6,1.07,0.8202
325.44,17.2,0.49,0.1599
266.48,44.9,-1.46,0.1532
162.17,95.7,-3.94,0.148
166.5,44.1,0.11,0.028
334.74,10.4,-1.45,0.0954
497.07,66.8,-7.3,0.4826
330.92,101.4,0.46,0.5875
278.89,95.5,-1.56,0.4013
365.33,21.0,1.51,0.451
232.6,80.7,-4.24,0.2658
30.07,26.5,-9.44,0.019
281.15,26.2,-0.8,0.2215
478.81,104.9,-0.77,0.7126
87.65,30.0,-5.73,0.0349
345.0,31.6,-3.95,0.198
100.47,0.1,5.39,0.47
267.91,104.5,-2.26,0.2689
48.34,95.1,0.33,0.119
225.19,75.3,-3.13,0.1057
378.08,90.0,-6.73,0.3375
173.79,18.2,-1.93,0.0764
332.46,55.0,-2.16,0.2574
397.72,42.1,-2.5,0.2864
463.59,11.3,-1.79,0.4558
117.32,58.3,-0.84,0.0479
199.66,110.5,-1.88,0.2066
76.21,4.8,-4.66,0.0423
496.24,35.0,-0.28,0.6823
463.5,24.9,-6.37,0.5909
269.98,28.6,-6.63,0.1138
421.02,109.0,0.35,0.7904
260.48,56.2,-0.23,0.1142
311.79,56.0,-1.64,0.1652
44.56,91.3,-4.99,0.0189
377.64,18.5,-3.27,0.4099
63.86,58.5,-2.16,0.0281
413.03,51.6,-5.49,0.3811
391.01,71.6,-3.35,0.3203
354.37,119.9,0.13,0.6365
18.08,92.3,2.07,0.1282
151.56,47.7,-2.55,0.0383
131.56,99.3,0.39,0.1821
180.07,20.5,-6.29,0.0302
43.82,3.7,0.15,0.0118
468.48,24.5,-3.51,0.1919
276.9,40.8,-0.73,0.0844
152.76,61.3,-2.12,0.0937
198.49,73.8,1.8,0.1536
223.6,109.3,-3.69,0.1403
300.3,61.2,0.07,0.2424
257.84,60.2,-2.2,0.141
459.7,6.0,-1.9,0.5656
248.48,4.2,-1.96,0.1776
496.08,66.1,-3.61,0.5067
425.71,52.6,-1.54,0.4932
104.26,100.7,-1.66,0.1442
465.3,19.3,-0.9,0.3128
58.18,3.0,-1.29,0.0087
408.72,53.9,0.49,0.4673
190.31,28.5,0.81,0.1042
438.99,6.0,-4.13,0.2466
434.03,87.0,0.67,0.7111
402.96,13.4,-4.47,0.1899
395.02,73.0,-0.03,0.3056
152.34,33.7,0.05,0.0635
40.46,20.8,-6.28,0.0248
201.49,45.6,-1.27,0.0577
86.76,96.2,-2.67,0.1302
347.48,47.1,-3.4,0.1301
173.05,90.1,1.88,0.2835
487.81,15.1,-3.13,0.3774
320.49,92.7,-3.52,0.2967
411.24,28.4,-1.31,0.2561
66.26,81.3,0.21,0.1562
431.01,67.9,-1.85,0.3872
461.38,111.5,1.42,0.9495
243.53,46.5,-0.17,0.163
303.13,7.9,-6.95,0.129
382.4,2.3,-2.82,0.2372
87.42,99.2,-2.9,0.2597
251.28,63.0,-0.3,0.1149
199.33,93.0,-8.06,0.112
73.19,28.1,4.87,0.2796
183.77,41.4,-0.17,0.0837
34.09,3.6,-1.13,0.0065
12.91,115.4,1.45,0.144
67.58,80.1,4.36,0.6693
481.56,112.0,0.68,0.8197
274.76,31.9,0.87,0.1904
482.91,73.4,-1.17,0.5386
216.25,81.4,-1.85,0.2498
155.91,38.1,-2.69,0.0434
253.07,101.8,-3.57,0.4936
219.76,113.7,-3.22,0.4824
52.83,106.2,-4.88,0.0866
320.41,88.7,-1.69,0.3516
108.02,33.3,-5.71,0.0678
309.79,33.8,-1.02,0.2754
325.1,115.6,-1.59,0.3617
76.01,1.2,-1.13,0.0157
30.67,85.9,-2.81,0.0259
390.38,84.7,6.19,0.9784
229.9,74.7,1.9,0.4834
29.08,118.8,-4.61,0.0407
497.43,37.4,-0.92,0.4534
28.89,40.8,-3.02,0.013
347.52,9.5,-4.04,0.1164
491.84,53.1,-4.85,0.6242
119.59,31.3,-0.42,0.0311
71.12,41.2,-3.2,0.0304
60.69,100.1,0.92,0.0587
151.64,112.3,0.98,0.2852
50.52,22.3,1.93,0.0677
346.08,44.7,-3.63,0.1938
31.15,111.4,-0.31,0.0645
254.71,7.4,0.08,0.0987
498.35,11.1,-2.69,0.3199
406.99,19.5,-3.43,0.1559
307.61,71.4,2.52,0.8099
153.13,18.1,-0.93,0.0349
311.95,116.2,0.09,0.4363
263.52,53.6,-3.56,0.2531
213.04,60.2,-4.55,0.4679
65.36,29.6,-2.92,0.0154
443.3,56.5,-1.81,0.5297
224.89,79.4,-4.16,0.1343
97.31,90.1,-1.52,0.0667
183.88,90.5,-5.72,0.1159
207.06,69.3,-4.3,0.0858
413.77,108.5,0.18,0.628
366.81,98.1,0.01,0.3045
384.65,90.8,-2.48,0.6019
5.52,6.7,-4.04,0.013
208.08,0.8,-4.07,0.0684
240.67,25.5,-2.43,0.0813
9.6,79.6,0.11,0.034
129.91,49.3,0.82,0.1106
380.14,48.3,-2.74,0.2114
68.55,106.2,-4.38,0.0732
267.66,107.5,-0.83,0.2357
107.6,109.1,-3.56,0.0796
6.06,37.7,-2.8,0.0071
120.6,82.9,1.81,0.3697
487.94,32.6,0.57,0.4725
400.77,22.9,-1.11,0.4088
479.79,22.2,-4.68,0.5511
243.93,41.1,-0.97,0.0707
54.87,51.6,1.16,0.0416
273.98,99.7,-2.44,0.6149
227.19,14.4,1.88,0.3859
422.18,88.2,1.73,0.7727
49.04,63.8,2.66,0.1936
244.12,34.6,-0.74,0.0875
75.02,59.1,-0.03,0.0575
162.34,36.0,2.04,0.142
368.68,71.5,-0.38,0.1834
238.01,52.1,-2.75,0.0776
187.94,19.7,-2.62,0.0636
197.24,14.0,-0.9,0.0363
229.72,65.6,-4.73,0.1529
392.51,108.3,-1.86,0.4322
446.04,41.3,1.24,0.5103
477.67,88.0,-6.98,0.7441
393.45,79.0,2.34,0.7955
157.7,111.8,1.31,0.3137
344.07,98.5,-2.65,0.5423
218.8,68.0,-0.14,0.184
127.34,78.8,-1.49,0.1715
420.44,107.8,1.57,0.7677
19.21,47.9,0.96,0.0367
450.88,39.2,-5.0,0.2778
230.74,1.3,-0.03,0.0547
318.6,99.2,-2.01,0.5047
329.68,96.1,-1.29,0.557
447.56,12.5,-3.32,0.4375
318.33,69.2,2.87,0.4775
306.97,55.7,1.1,0.4981
33.33,14.2,-3.35,0.0071
259.2,117.7,-4.84,0.4471
75.08,25.8,-2.46,0.0242
368.72,8.1,-0.41,0.2539
256.11,71.4,-0.9,0.1144
340.11,88.7,1.63,0.7533
20.84,3.9,0.47,0.0088
42.4,79.0,0.92,0.0598
358.16,63.9,-0.68,0.2358
36.04,12.4,-4.97,0.0074
35.63,20.7,-1.99,0.0207
6.05,68.2,1.15,0.1375
478.25,35.6,-1.63,0.7673
368.75,112.6,-0.24,0.5468
176.63,98.2,-2.3,0.2583
148.27,118.0,-4.07,0.1935
174.85,31.2,-1.81,0.0844
387.33,116.4,-0.73,0.5432
330.69,51.7,-3.14,0.2727
92.6,41.7,-2.09,0.0539
87.05,6.0,-3.85,0.0179
49.2,6.3,1.3,0.0366
330.15,83.0,-2.24,0.3447
382.19,55.0,2.13,0.7454
132.52,27.2,2.32,0.1023
10.47,73.7,-1.7,0.0343
41.09,30.3,-4.02,0.0595
483.93,69.3,-6.71,0.7297
147.72,43.1,-5.18,0.1195
384.61,98.8,-4.93,0.5179
312.33,98.5,1.95,0.6909
190.97,57.3,-1.21,0.1663
102.84,42.1,-0.53,0.094
60.69,43.5,-7.05,0.0129
307.51,96.7,-4.49,0.2232
387.32,39.4,0.72,0.5682
321.95,25.1,-0.78,0.1562
265.15,10.2,-1.87,0.0716
20.98,56.0,-0.09,0.016
484.24,57.9,2.59,0.8202
399.36,100.9,-2.05,0.3793
146.41,26.5,-1.33,0.1318
489.99,45.7,-1.02,0.5236
300.94,97.0,4.48,0.8831
291.21,98.8,-6.75,0.4028
374.04,46.2,0.21,0.4478
405.88,55.1,-1.79,0.5116
328.24,36.4,-0.08,0.3119
64.05,111.9,-3.14,0.0676
169.13,14.2,-1.62,0.0438
464.04,112.0,0.28,0.8092
112.31,82.1,6.28,0.7568
186.08,63.8,0.52,0.1487
216.04,3.9,-3.62,0.0749
219.7,57.1,-2.56,0.1834
306.47,48.9,-2.63,0.0995
471.54,19.3,-5.99,0.48
120.35,78.8,-2.33,0.0778
60.75,116.5,0.33,0.1528
98.74,67.5,-4.69,0.0903
443.46,85.8,1.12,0.8595
322.91,8.2,-0.28,0.2466
142.95,50.1,-3.34,0.1266
407.97,14.0,-1.85,0.4244
430.68,73.5,2.5,0.8444
423.26,112.6,0.33,0.6882
459.46,79.4,-1.48,0.6907
126.12,9.2,-2.09,0.048
377.52,42.6,-1.31,0.2697
230.27,66.1,-2.78,0.1878
421.0,48.4,-6.76,0.3956
364.25,100.0,3.61,0.839
388.22,97.8,-1.11,0.672
328.08,73.4,-0.5,0.3216
88.71,44.8,-1.64,0.1097
272.51,30.6,-3.34,0.0646
492.33,12.7,-1.96,0.3432
468.69,42.6,-5.5,0.4762
21.59,49.6,4.19,0.3777
82.41,81.1,-4.59,0.0813
65.86,79.0,-4.08,0.067
362.99,8.4,-2.6,0.1157
408.89,47.4,1.72,0.4841
106.76,21.8,-1.46,0.0408
252.93,18.8,-4.59,0.0533
420.35,99.3,1.64,0.7441
366.4,5.0,0.33,0.2599
271.12,50.3,-0.15,0.1123
295.17,20.2,0.29,0.2974
254.18,105.5,4.49,0.9183
148.77,66.8,3.96,0.3285
282.51,27.8,-3.22,0.092
344.44,60.3,2.56,0.39
436.66,87.8,-0.54,0.4797
318.15,115.0,-0.25,0.5382
380.56,26.5,-5.73,0.22
80.04,106.3,-1.93,0.1157
230.78,112.1,-3.53,0.1502
4.67,110.0,0.57,0.1118
123.34,76.2,1.18,0.1256
363.23,75.6,-6.69,0.3883
495.9,48.4,-1.56,0.5366
49.59,90.3,1.3,0.069
200.75,63.8,-1.97,0.0749
400.04,81.3,0.32,0.645
102.02,51.4,-0.62,0.0622
277.54,87.8,-0.65,0.3922
366.54,98.9,-2.18,0.5197
307.99,17.6,-4.54,0.1543
94.01,100.0,-4.3,0.0426
177.69,64.8,0.27,0.1113
391.9,101.4,-1.45,0.5354
277.11,51.8,-1.85,0.3705
2.61,45.5,-2.56,0.0307
380.5,109.8,-2.26,0.7229
17.66,30.1,1.12,0.0503
372.87,101.3,-2.34,0.4126
101.24,58.1,-4.85,0.0595
479.04,61.7,0.36,0.6437
183.97,37.0,-2.01,0.0501
163.47,68.8,-1.42,0.0868
74.44,39.0,2.52,0.1289
152.8,4.7,-1.55,0.0829
438.33,32.6,-0.78,0.1759
498.17,0.8,-4.45,0.5249
184.15,117.4,-2.05,0.1501
224.31,115.9,0.02,0.1626
361.04,47.4,-5.39,0.423
443.1,87.4,-1.0,0.673
296.52,41.5,-1.25,0.2936
195.76,80.5,-1.4,0.2099
206.31,96.7,1.09,0.571
347.81,113.6,-0.66,0.5661
1.61,48.0,2.2,0.0739
309.79,94.0,-3.98,0.3917
177.75,31.9,-1.16,0.1216
397.1,118.8,-1.29,0.5174
46.5,3.1,-4.17,0.012
294.1,72.4,0.89,0.3361
240.49,79.1,4.31,0.5364
321.16,82.6,-1.54,0.3491
32.43,14.4,-0.24,0.0069
289.99,112.6,-1.29,0.386
280.74,21.7,-3.28,0.1831
280.33,74.7,-6.05,0.2018
301.74,26.7,-3.26,0.3001
338.23,36.9,-4.98,0.1222
402.49,65.6,2.76,0.876
134.91,50.1,-1.79,0.0885
412.52,19.2,-2.36,0.1456
249.13,20.5,0.72,0.3989
38.53,50.2,-4.3,0.0301
29.28,90.9,-3.42,0.0342
167.12,107.8,-1.33,0.0953
392.45,10.1,1.07,0.3372
353.84,47.2,-0.25,0.264
394.31,12.0,-0.88,0.2472
258.63,2.0,-1.3,0.0724
220.1,79.4,-0.5,0.2259
73.73,72.3,-1.0,0.0465
164.1,19.6,-4.07,0.0206
217.01,28.1,-1.38,0.0818
44.3,2.8,-4.18,0.005
110.31,100.2,-1.3,0.1259
299.11,117.0,-2.7,0.301
367.83,16.3,4.85,0.8425
499.17,27.8,-1.6,0.6381
466.56,104.2,-5.01,0.5796
321.28,111.2,-1.84,0.5667
210.62,50.4,-0.2,0.0931
318.09,6.1,2.68,0.6508
392.83,4.7,-2.97,0.1871
59.17,68.9,-5.46,0.0319
204.95,47.1,0.54,0.1848
419.9,3.4,-4.95,0.213
191.92,70.0,-2.59,0.0882
285.94,1.4,-2.14,0.0808
293.88,94.5,-1.67,0.32
92.24,36.8,0.22,0.0827
181.12,4.8,-3.21,0.019
167.26,70.6,-2.18,0.1099
13.1,47.7,-1.54,0.0333
12.1,116.9,-1.13,0.0722
415.85,65.3,-1.26,0.6133
136.54,33.0,-0.41,0.0498
259.04,85.1,0.61,0.2938
149.36,32.6,-0.52,0.0745
470.34,108.5,-0.37,0.7191
129.65,45.0,-5.46,0.0482
214.83,66.0,-1.37,0.1775
436.37,6.1,-0.3,0.2237
420.97,51.1,0.32,0.3829
93.05,99.9,-3.23,0.0744
401.32,96.7,-3.15,0.6979
229.09,26.9,-2.94,0.0204
241.48,27.1,-0.16,0.1231
66.74,98.1,1.08,0.1386
40.3,111.6,-2.52,0.0341
363.97,11.4,0.77,0.3101
248.23,54.0,-1.19,0.1875
218.43,40.5,-1.81,0.1358
364.75,104.5,-2.03,0.2074
382.76,10.0,0.37,0.405
79.45,25.3,-0.69,0.0208
305.11,90.3,4.19,0.8959
67.68,6.2,-3.63,0.0294
375.69,59.1,-0.2,0.2599
328.48,53.1,-2.82,0.3217
478.31,40.1,-3.67,0.4343
34.48,47.3,-1.53,0.0105
28.53,63.6,-1.16,0.061
141.09,19.4,5.8,0.5022
